Metric,Mean,Median,Std
Exam_1,74.57692307692308,75.5,15.023310193510529
Exam_2,75.11538461538461,76.5,14.673777927742394
Exam_3,74.07692307692308,74.5,15.349326042362614
Average,74.58974358974359,76.0,12.789840634752897
